country,daily_pv_average,yearly_pv,solar_capacity_factor
Brunei,3.81,1390.65,0.15875
Cambodia,4.09,1492.85,0.17041666666666666
Indonesia,3.67,1339.55,0.15291666666666667
Laos,3.73,1361.45,0.15541666666666668
Malaysia,3.71,1354.15,0.15458333333333335
Myanmar,4.01,1463.6499999999999,0.1670833333333333
Philippines,3.8,1387,0.15833333333333333
Singapore,3.55,1295.75,0.14791666666666667
Thailand,4.02,1467.3,0.16749999999999998
Vietnam,3.44,1255.6,0.1433333333333333
